,tilt x,M2 tilt x,M3 tilt x,FP tilt x,tilt y,M2 tilt y,M3 tilt y,FP tilt y,thickness,M1-M2 dist,M2-M3 dist,M3-FP dist,dec x,M2 dec x,M3 dec x,FP dec x,dec y,M2 dec y,M3 dec y,FP dec y
0,-0.2,0.7693732978017904,0.8261755485391244,0.9462379113551662,-0.2,0.8780164174687146,0.8576064194294613,0.9168085447294764,-15.0,0.6296101308316822,0.9415229838824243,0.7205618868683704,-15.0,0.7897088895520871,0.9289961249344807,0.9394529602140695,-15.0,0.8303710128860152,0.9330696984102717,0.9452949374521046
1,-0.196,0.7763717024721705,0.8302666738281634,0.9462250593760823,-0.196,0.8810616019056848,0.8604497317415769,0.9176055177673951,-14.7,0.6386876767841289,0.9416085809435335,0.7271517718510747,-14.7,0.7944691670373408,0.9295105954344195,0.9395955634608048,-14.7,0.8346826145384499,0.9341699792122975,0.9453004222499536
2,-0.192,0.7832890893550847,0.8343162592451256,0.9462121935180886,-0.192,0.8838432664514216,0.8632537637444451,0.9183937113338314,-14.4,0.6477227137826812,0.9416939953214423,0.7336929596535224,-14.4,0.7991868741610265,0.9300177489553589,0.9397373522058498,-14.4,0.8389401380542962,0.9352574797948079,0.945305914730413
3,-0.188,0.7901217655781261,0.8383235889337743,0.9461993137850813,-0.188,0.8856283999427011,0.8660181250423277,0.9191731064115983,-14.1,0.656711245437467,0.9417792269816839,0.7401836336310033,-14.1,0.8038609472547804,0.9305175743886928,0.9398783260655731,-14.1,0.8431425409415555,0.9363321516219106,0.9453114148833408
4,-0.184,0.7968660590129348,0.8422879534924911,0.9461864201809257,-0.184,0.8873942950244902,0.8687424315098927,0.9199436841902625,-13.8,0.6656492728239243,0.9418642758888388,0.7466219851785199,-13.8,0.8084903286428086,0.9310100607965676,0.9400184846587076,-13.8,0.847288791375989,0.937393946606501,0.94531692269879
5,-0.18000000000000002,0.803518321048837,0.8462086501735426,0.9461735127094528,-0.18000000000000002,0.8891408074151718,0.8714263053682624,0.9207054260667253,-13.5,0.6745327969305744,0.9419491420078345,0.7530062144349455,-13.5,0.8130739670182106,0.931495197410998,0.9401578276063697,-13.5,0.8513778685791602,0.938442817112003,0.945322438166589
6,-0.17600000000000002,0.8100749293712322,0.8500849830742343,0.9461605913744611,-0.17600000000000002,0.8908677939455324,0.8740693752550079,0.9214583136456336,-13.2,0.6833578211288761,0.9420338253038398,0.7593345309840915,-13.2,0.8176108178096073,0.9319729736350215,0.9402963545319816,-13.2,0.8554087631887014,0.9394234880697507,0.9453279612766917
7,-0.17200000000000001,0.816532290734224,0.8539162633332968,0.9461476561799074,-0.17200000000000001,0.8925751125797766,0.8766712762990178,0.9222023287402137,-12.9,0.6921203536389677,0.9421183257428697,0.7656051545562389,-12.9,0.8220998435566547,0.9324433790440347,0.9404340650613799,-12.9,0.8593804776261886,0.9396917415986346,0.9453334920189195
8,-0.168,0.8228868437316316,0.8577018093190915,0.9461347071295558,-0.168,0.8942626224306642,0.8792316501884213,0.9229374533727559,-12.6,0.7008164100200136,0.9422026432892355,0.7718163157249882,-12.6,0.8265400142810976,0.9329064033830797,0.9405709588227361,-12.6,0.8632920264643528,0.9399541019039028,0.9453390303830903
9,-0.164,0.8291350615561174,0.8614409468179945,0.9461217442273231,-0.164,0.895930183780189,0.8817501452403249,0.9236636697751177,-12.3,0.7094420156555069,0.942286777908655,0.7779662566036113,-12.3,0.830930307849335,0.9333620365704252,0.9407070354466661,-12.3,0.8671424367855469,0.9402105624396466,0.94534457635906
10,-0.16,0.8352734547576642,0.8651330092260346,0.9461087674769636,-0.16,0.8975776580895527,0.8842264164657178,0.9243809603894046,-12.0,0.7179932082424447,0.9423707295677448,0.7840532315357363,-12.0,0.835269710342339,0.9338102686953815,0.9408422945660724,-12.0,0.8709307485419386,0.9404611167546783,0.9453501299365917
11,-0.15600000000000003,0.8412985739794966,0.8687773377269555,0.9460957768824338,-0.15600000000000003,0.8992049080225787,0.886660125636703,0.9250893078686006,-11.7,0.7264660403007248,0.9424544982310615,0.7900755077863687,-11.7,0.8395572164199838,0.9342510900200828,0.9409767358162012,-11.7,0.8746560149118596,0.9407057584975095,0.9453556911055221
12,-0.15200000000000002,0.8472070126852345,0.8723732814783743,0.9460827724474827,-0.15200000000000002,0.9008117974569103,0.889050941348859,0.9257886950768668,-11.4,0.7348565816635574,0.9425380838647397,0.7960313662257977,-11.4,0.8437918296824535,0.9346844909788625,0.9411103588348005,-11.4,0.8783173026474119,0.9409444814139721,0.9453612598554819
13,-0.14800000000000002,0.8529954098705494,0.8759201977917632,0.9460697541760463,-0.14800000000000002,0.902398191506685,0.8913985390827172,0.9264791050904495,-11.1,0.7431609219769655,0.9426214864350252,0.8019191020112066,-11.1,0.8479725630302475,0.9351104621790057,0.9412431632618184,-11.1,0.8819136924215581,0.9411772793467085,0.9453668361763105
14,-0.14400000000000002,0.8586604527468078,0.8794174523091378,0.9460567220718756,-0.14400000000000002,0.9039639565330532,0.8937026012650885,0.9271605211978998,-10.8,0.7513751731995725,0.9427047059075315,0.8077370252645476,-10.8,0.8520984390207159,0.9355289944010899,0.9413751487398007,-10.8,0.8854442791744843,0.9414041462386256,0.9453724200576279
15,-0.14,0.8641988794148993,0.8828644191797075,0.9460436761389083,-0.14,0.9055089601640957,0.8959628173269417,0.927832926900893,-10.5,0.7594954720916212,0.9427877422484567,0.8134834617444079,-10.5,0.856168490227381,0.9359400785980284,0.941506314913471,-10.5,0.8889081724476335,0.9416250761290705,0.9453780114891073
16,-0.136,0.8696074815005442,0.8862604812314839,0.9460306163809648,-0.136,0.9070330713091455,0.8981788837614824,0.9284963059144571,-10.2,0.7675179827028957,0.9428705954243641,0.8191567535145128,-10.2,0.8601817595864796,0.9363437058967844,0.9416366614300199,-10.2,0.892304496719531,0.9418400631575903,0.9453836104604348
17,-0.132,0.8748831067716278,0.8896050301429582,0.9460175428018736,-0.132,0.9085361601746244,0.9003505041773924,0.9291506421678523,-9.9,0.7754388988497916,0.9429532654012128,0.8247552596052811,-9.9,0.8641373007502559,0.9367398675992212,0.9417661879390117,-9.9,0.8956323917340397,0.9420491015616251,0.9453892169612268
18,-0.128,0.880022661722509,0.892897466610813,0.9460044554054428,-0.128,0.9100180982846474,0.9024773893537811,0.9297959198048873,-9.600000000000001,0.7832544465823232,0.9430357521456348,0.8302773566716055,-9.600000000000001,0.8680341784305922,0.9371285551786466,0.9418948940924231,-9.600000000000001,0.8988910128280823,0.9422521856782856,0.9453948309810875
19,-0.12400000000000001,0.8850231141254529,0.8961372005125926,0.9459913541955752,-0.12400000000000001,0.9114787584925648,0.9045592572927313,0.9304321231842972,-9.3,0.7909608866442879,0.9431180556243478,0.8357214396434013,-9.3,0.8718714687429361,0.9375097602857834,0.9420227795445781,-9.3,0.902079531245788,0.9424493099436136,0.9454004525095366
20,-0.12000000000000001,0.8898814955461679,0.8993236510743213,0.94597823917614,-0.12000000000000001,0.9129180149972252,0.9065958332664906,0.9310592368805344,-9.0,0.7985545169159279,0.9432001758036174,0.8410859223710002,-9.0,0.8756482595479262,0.9378834747424475,0.942149843952251,-9.0,0.9051971344592079,0.9426404688929461,0.945406081536168
21,-0.116,0.8945949038233525,0.9024562470267398,0.9459651103508656,-0.116,0.9143357433618247,0.9085868498690407,0.9316772456842211,-8.7,0.8060316748359257,0.9432821126507004,0.8463692382637295,-8.7,0.879363650783103,0.9382496905470211,0.9422760869744866,-8.7,0.9082430264729451,0.9428256571617974,0.9454117180504957
22,-0.11200000000000002,0.8991605055085788,0.9055344267613601,0.9459519677237129,-0.11200000000000002,0.9157318205246971,0.9105320470613907,0.9322861346024321,-8.4,0.8133887398198721,0.9433638661320216,0.851569840921194,-8.4,0.8830167547985811,0.9386083998725054,0.9424015082728536,-8.4,0.9112164281314169,0.9430048694857801,0.9454173620421011
23,-0.10800000000000001,0.9035755382625597,0.9085576384881632,0.9459388112984819,-0.10800000000000001,0.9171061248209266,0.912431172217065,0.9328858888593345,-8.100000000000001,0.8206221356470103,0.9434454362148044,0.8566862047581268,-8.100000000000001,0.8866066966834711,0.9389595950667209,0.9425261075112921,-8.100000000000001,0.9141165774137221,0.9431781007000402,0.9454230135003162
24,-0.10400000000000001,0.9078373132027777,0.9115253403833178,0.9459256410789499,-0.10400000000000001,0.9184585359932373,0.9142839801633937,0.9334764938967564,-7.800000000000001,0.8277283328301623,0.9435268228664392,0.8617168256221771,-7.800000000000001,0.8901326145909676,0.9393032686524514,0.9426498843560561,-7.800000000000001,0.9169427297327125,0.9433453457390849,0.9454286724147132
25,-0.1,0.911943217214317,0.9144370007400332,0.9459124570690247,-0.1,0.9197889352093452,0.9160902332263386,0.9340579353743983,-7.5,0.8347038509656493,0.9436080260537983,0.8666602214029794,-7.5,0.8935936600593314,0.9396394133282155,0.9427728384758737,-7.5,0.9196941582151907,0.943506599640149,0.9454343387746639
26,-0.096,0.9158907151978701,0.9172920981134659,0.9458992592725929,-0.096,0.9210972050771309,0.9178497012680229,0.9346301991705942,-7.2,0.8415452610543804,0.9436890457438615,0.8715149326344596,-7.2,0.8969889983239698,0.9399680219674755,0.9428949695417985,-7.2,0.9223701539889033,0.9436618575394153,0.9454400125696241
27,-0.09200000000000001,0.9196773522774282,0.9200901214604899,0.9458860476933855,-0.09200000000000001,0.9223832296608685,0.9195621617227288,0.9351932713824922,-6.9,0.8482491877992769,0.9437698819050611,0.8762795230874485,-6.9,0.9003178086336608,0.9402890876204901,0.9430162772274391,-6.9,0.9249700264548468,0.94381111467448,0.9454456937889181
28,-0.08800000000000001,0.9233007559410068,0.9228305702825002,0.9458728223352976,-0.08800000000000001,0.923646894493648,0.9212273996379035,0.9357471383267503,-6.6,0.8548123118712524,0.9438505345041539,0.8809525803558861,-6.6,0.9035792845526113,0.940602603512575,0.94313676120867,-6.6,0.9274931035578421,0.943954366384258,0.9454513824219628
29,-0.084,0.9267586381404374,0.9255129547577848,0.9458595832021643,-0.084,0.9248880865952478,0.9228452077047626,0.9362917865398377,-6.300000000000001,0.8612313721500696,0.9439310035085285,0.8855327164318165,-6.300000000000001,0.9067726342654095,0.9409085630451574,0.9432564211637637,-6.300000000000001,0.9299387320484995,0.9440916081079436,0.9454570784579935
30,-0.08000000000000002,0.9300487973151352,0.9281367958775073,0.9458463302978413,-0.08000000000000002,0.9261066944855249,0.9244153862909836,0.9368272027784821,-6.0,0.8675031679289352,0.9440112888866945,0.8900185682727535,-6.0,0.9098970808719279,0.941206959796029,0.9433752567735341,-6.0,0.9323062777411774,0.9442228353870856,0.9454627818864313
31,-0.07600000000000001,0.9331691203703923,0.9307016255724276,0.9458330636261522,-0.07600000000000001,0.9273026081999803,0.9259377434750546,0.9373533740200501,-5.700000000000001,0.8736245610868852,0.9440913906061483,0.8944087983600194,-5.700000000000001,0.9129518626801625,0.9414977875191163,0.9434932677210156,-5.700000000000001,0.9345386273118609,0.9443480438642999,0.9454684926964525
32,-0.07200000000000001,0.9361175845818387,0.9333875441412319,0.9458197831909075,-0.07200000000000001,0.9284757193026262,0.9274120950700205,0.9378702874631784,-5.4,0.879592478225613,0.944171308634652,0.8987020952456615,-5.4,0.9159362334909011,0.9417810401454846,0.943610453691857,-5.4,0.9365408349615584,0.9444672292844954,0.9454742108773998
33,-0.068,0.9388922594356844,0.9360307602345358,0.9458064889959503,-0.068,0.9296259209029143,0.9288382646549126,0.9383779305280504,-5.1,0.8854039127708612,0.9442510429408195,0.902897174092231,-5.1,0.9188494628810365,0.942056711782544,0.9437268143739671,-5.1,0.9384606165319186,0.9445803874934119,0.9454799364184476
34,-0.064,0.9414913084099866,0.9386148584115717,0.9457931810451672,-0.064,0.930753107668966,0.9302160835980932,0.9388762908566722,-4.800000000000001,0.8910559270347839,0.9443305934925872,0.9069927771989178,-4.800000000000001,0.9216908364787689,0.9423247967134586,0.9438423494577709,-4.800000000000001,0.9402974652768268,0.9446875144402437,0.945485669308857
35,-0.06,0.9439129906759259,0.9411393857272823,0.9457798593423554,-0.06,0.9318571758431136,0.9315453910815963,0.9393653563134442,-4.5,0.8965456542342473,0.944409960257955,0.9109876745202031,-4.5,0.9244596562316524,0.9425852893997528,0.9439570586360112,-4.5,0.9420508959713543,0.9447886061754704,0.9454914095378012
36,-0.055999999999999994,0.9461556627332046,0.943603900402818,0.9457665238913766,-0.055999999999999994,0.9329380232521238,0.9328260341231485,0.9398451149856583,-4.200000000000001,0.9018703004720973,0.9444891432053816,0.914880664173199,-4.200000000000001,0.9271552406731798,0.9428381844789876,0.9440709416039612,-4.200000000000001,0.9437204451163506,0.9448836588524056,0.9454971570944132
37,-0.05200000000000002,0.9482177799749198,0.9460079719398824,0.9457531746959376,-0.05200000000000002,0.933995549327865,0.9340578675945805,0.9403155551835475,-3.9000000000000004,0.9070271466723232,0.9445681423035377,0.9186705729326119,-3.9000000000000004,0.9297769251797795,0.9430834767666247,0.9441839980591832,-3.9000000000000004,0.9453056711294239,0.9449726687266005,0.9455029119678009
38,-0.048000000000000015,0.9500978981697722,0.9483511812357532,0.9457398117600763,-0.048000000000000015,0.9350296551140352,0.935240754242774,0.940776665440991,-3.5999999999999996,0.9120135504703343,0.9446469575212051,0.9223562567165395,-3.5999999999999996,0.9320366709268747,0.943321161254564,0.9442962277018102,-3.5999999999999996,0.9468061545318246,0.9450556321572836,0.9455086741471573
39,-0.04400000000000001,0.951794674874937,0.9506331206902161,0.9457264350874587,-0.04400000000000001,0.9360402432847466,0.936374564704452,0.9412284345157421,-3.3000000000000007,0.9168269480557907,0.9447255888269033,0.9259366010592265,-3.3000000000000007,0.9336133000687614,0.9435512331118441,0.9444076302342992,-3.3000000000000007,0.9482214981257879,0.9451325456056542,0.9455144436214761
40,-0.04000000000000001,0.9533068707671091,0.9528533943151198,0.9457130446820478,-0.04000000000000001,0.9370272181571399,0.937459177519444,0.9416708513897395,-3.0,0.9214648559695563,0.9448040361896958,0.9294105215733355,-3.0,0.9351095717879839,0.9437736876861487,0.9445182053615222,-3.0,0.9495513271610553,0.9452034056358958,0.9455202203799288
41,-0.036000000000000004,0.9546333508941832,0.9550116178340947,0.9456996405475541,-0.036000000000000004,0.9379904857032716,0.9384944791469783,0.9421039052696598,-2.700000000000001,0.9259248728488421,0.9448822995780505,0.9327769644002445,-2.700000000000001,0.9365251027879443,0.9439885205011748,0.944627952790838,-2.700000000000001,0.9507952895006135,0.94526820891594,0.9455260044114226
42,-0.032,0.9557730858461627,0.9571074187834219,0.9456862226879256,-0.032,0.9389299535661755,0.9394803639731071,0.9425275855869825,-2.4000000000000004,0.9302046811207748,0.9449603789611517,0.9360349066471833,-2.4000000000000004,0.9378595299256152,0.9441957272592818,0.9447368722320171,-2.4000000000000004,0.9519530557707502,0.9453269522174383,0.9455317957050867
43,-0.027999999999999997,0.955901489040764,0.9565345494328558,0.9456727911068817,-0.027999999999999997,0.9398455310702082,0.9404167343221346,0.9429418819986697,-2.0999999999999996,0.934302048646191,0.9450382743083449,0.9391833568138527,-2.0999999999999996,0.9391125103552669,0.9443953038404346,0.9448449633972746,-2.0999999999999996,0.9530243195032903,0.9453796324149707,0.9455375942497963
44,-0.02400000000000002,0.9546108259810752,0.9551330622780526,0.9456593458082984,-0.02400000000000002,0.9407371292363379,0.9413035004641825,0.9433467843871353,-1.8000000000000007,0.9382148303063803,0.9451159855890695,0.9422213552043671,-1.8000000000000007,0.9402837216569818,0.9445872463011787,0.9449522260012544,-1.8000000000000007,0.9540087972775563,0.9454262464867899,0.9455434000346136
45,-0.020000000000000018,0.9532584648812653,0.953676490080502,0.9456458867960423,-0.020000000000000018,0.9416046607932637,0.9421405806187748,0.9437422828609667,-1.5,0.9419409695352983,0.945193512772107,0.9451479743297445,-1.5,0.9413728619663002,0.9447715508772833,0.9450586597609197,-1.5,0.9543255581830176,0.94546679151475,0.9455492130483937
46,-0.016000000000000014,0.9518445992605291,0.9521651394708396,0.9456324140739216,-0.016000000000000014,0.9424480401919689,0.9429279009604294,0.9441283677549144,-1.200000000000001,0.9454953704377137,0.9452708558273947,0.9479623192931511,-1.200000000000001,0.9423796500879484,0.9449482139811858,0.9451642643958149,-1.200000000000001,0.9527273560513121,0.9455012646851597,0.9455550332800773
47,-0.01200000000000001,0.9503694347783532,0.9505993257288204,0.9456189276457766,-0.01200000000000001,0.9432671836165206,0.9436653956208627,0.9445050296303654,-0.9000000000000004,0.948751875598757,0.9453480147247486,0.9489388596368228,-0.9000000000000004,0.9433038256070967,0.945117232204057,0.945269039627948,-0.9000000000000004,0.9510531422054113,0.9455296632890882,0.9455608607185555
48,-0.008000000000000007,0.9488331892018157,0.9489793726841739,0.9456054275153822,-0.008000000000000007,0.9440620089991745,0.944353006687394,0.9448722592756366,-0.6000000000000014,0.9479053479349177,0.9454249894330263,0.947962231312832,-0.6000000000000014,0.9441451489897708,0.9452786023146899,0.9453729851815809,-0.6000000000000014,0.9493033034415143,0.9455519847198957,0.9455666953527101
49,-0.0040000000000000036,0.9472360923718356,0.9473056126184646,0.9455919136865814,-0.0040000000000000036,0.9448324360282694,0.9449906842038148,0.9452300477062655,-0.3000000000000007,0.9468473541864876,0.945501779922531,0.9468419299660544,-0.3000000000000007,0.9449034016753071,0.9454323212592413,0.9454761007835975,-0.3000000000000007,0.9474782441437686,0.9455682264767775,0.9455725371713001
50,0.0,0.9455783861632199,0.9455783861632199,0.9455783861632199,0.0,0.9455783861632199,0.9455783861632199,0.9455783861632199,0.0,0.9455783861632199,0.9455783861632199,0.9455783861632199,0.0,0.9455783861632199,0.9455783861632199,0.9455783861632199,0.0,0.9455783861632199,0.9455783861632199,0.9455783861632199
51,0.0040000000000000036,0.9438603244490242,0.9437980421957566,0.9455648449491566,0.0040000000000000036,0.9448324360263033,0.9449906842018697,0.945230047704252,0.29999999999999893,0.944099049024254,0.9456548081250682,0.9441720826939755,0.29999999999999893,0.9449034016774229,0.9454323212615799,0.9454761007856136,0.29999999999999893,0.9436041686857419,0.9455824614873684,0.9455842423172248
52,0.008000000000000007,0.9420821730498017,0.9419649377351434,0.9455512900481622,0.008000000000000007,0.9440620089974308,0.9443530066855201,0.9448722592736954,0.5999999999999996,0.9424100609208923,0.945731045778226,0.9426235543216139,0.5999999999999996,0.9441451489912149,0.9452786023167902,0.9453729851836058,0.5999999999999996,0.9415560480922119,0.94558045026156,0.945590105622054
53,0.011999999999999983,0.9402442096880235,0.9400794378349442,0.9455377214641005,0.011999999999999983,0.9432671836152416,0.9436653956185087,0.9445050296284329,0.8999999999999986,0.9405122525636033,0.9458070990927916,0.9409333875095611,0.8999999999999986,0.9433038256089273,0.9451172322063737,0.945269039629951,0.8999999999999986,0.9394344978189758,0.9455723504031824,0.9455959760664253
54,0.015999999999999986,0.9383467239376095,0.9381419154748758,0.9455241392007936,0.015999999999999986,0.9424480401904852,0.9429279009582842,0.9441283677530404,1.1999999999999993,0.9384065667046994,0.9458829680392264,0.9391022201207999,1.1999999999999993,0.9423796500894486,0.9449482139835577,0.9451642643978009,1.1999999999999993,0.9372400082081376,0.9455581599356048,0.9456018536391166
55,0.01999999999999999,0.9363900171683494,0.9361527514506368,0.9455105432620378,0.01999999999999999,0.941604660791286,0.9421405806166407,0.9437422828591131,1.5,0.9360940575438446,0.9459586525880876,0.9371307410943089,1.5,0.9413728619677109,0.9447715508796337,0.945058659762918,1.5,0.9349730863528688,0.9455378769862268,0.9456077383287392
56,0.023999999999999994,0.9343744024861841,0.9341123342632017,0.9454969336516632,0.023999999999999994,0.9407371292340057,0.9413035004619147,0.9433467843852963,1.8000000000000007,0.9335758900478671,0.9460341527093403,0.9350196900948015,1.8000000000000007,0.9402837216582705,0.9445872463035105,0.9449522260032062,1.8000000000000007,0.9326342559383822,0.9455114997877357,0.945613630124031
57,0.027999999999999997,0.9323002046741342,0.9320210600033149,0.9454833103735113,0.027999999999999997,0.9398455310681052,0.9404167343203221,0.9429418819968336,2.099999999999998,0.9308533391944184,0.9461094683743178,0.932769857139303,2.099999999999998,0.9391125103559405,0.9443953038426076,0.9448449633992392,2.099999999999998,0.9302240570754192,0.9454790266783262,0.9456195290135129
58,0.032,0.9301677601258442,0.9298793322401618,0.9454696734314131,0.032,0.9389299535647098,0.9394803639708308,0.9425275855852077,2.3999999999999986,0.9279277891354475,0.9461845995535505,0.9303820821977391,2.3999999999999986,0.9378595299267968,0.9441957272619074,0.9447368722339684,2.3999999999999986,0.9277430461281913,0.9454404561022548,0.9456254349859153
59,0.036000000000000004,0.9279774167754938,0.9276875619015122,0.9454560228291724,0.036000000000000004,0.9379904857014829,0.9384944791448284,0.9421039052678628,2.6999999999999993,0.9248007322803639,0.9462595462179451,0.9278572547705558,2.6999999999999993,0.9365251027889226,0.9439885205037671,0.9446279527927918,2.6999999999999993,0.925191795543347,0.9453957866085417,0.9456313480296732
60,0.03999999999999998,0.9257295340315712,0.9254461671586959,0.9454423585706212,0.03999999999999998,0.9370272181549602,0.9374591775177047,0.9416708513879851,3.0,0.9214737683003674,0.9463343083382745,0.9251963134418033,3.0,0.9351095717890657,0.9437736876885446,0.9445182053634489,3.0,0.9225708936590628,0.945345016852042,0.9456372681335091
61,0.043999999999999984,0.9234244826952025,0.9231555733066467,0.9454286806595367,0.043999999999999984,0.9360402432830405,0.9363745647020429,0.9412284345140035,3.3000000000000007,0.9179486030597418,0.9464088858862028,0.9224002454083349,3.3000000000000007,0.9336133000701934,0.9435512331143773,0.9444076302362097,3.3000000000000007,0.9198809445241631,0.9452881455939993,0.9456431952858465
62,0.04799999999999999,0.9210626448856809,0.920816212643072,0.9454149890997928,0.04799999999999999,0.9350296551120741,0.9352407542407958,0.9407766654392848,3.599999999999998,0.9142270474658936,0.9464832788321356,0.9194700859861294,3.599999999999998,0.9320366709275594,0.9433211612569845,0.9442962277037331,3.599999999999998,0.9171225677063594,0.9452251717003753,0.9456491294751735
63,0.05199999999999999,0.9186444139594278,0.9184285243483981,0.9454012838951985,0.05199999999999999,0.9339955493262708,0.9340578675925548,0.9403155551818461,3.8999999999999986,0.9103110162434207,0.9465574871483613,0.9164069180928236,3.8999999999999986,0.9303800876642337,0.9430834767693838,0.9441839980610899,3.8999999999999986,0.9142963980889871,0.9451560941439892,0.9456550706900607
64,0.055999999999999994,0.9161701944217744,0.9159929543608053,0.9453875650495841,0.055999999999999994,0.9329380232501436,0.9328260341205377,0.9398451149839712,4.199999999999999,0.9062025266382788,0.9466315108054473,0.9132118717078231,4.199999999999999,0.9286439734317575,0.9428381844817887,0.9440709416058712,4.199999999999999,0.9114030856725323,0.9450809120036627,0.9456610189189112
65,0.06,0.9136404018423824,0.9135099552520322,0.9453738325667317,0.06,0.9318571758409492,0.9315453910792528,0.9393653563117976,4.5,0.9019036970413432,0.9467053497752136,0.9098861233097021,4.5,0.926828771067178,0.9425852894025675,0.9439570586379298,4.5,0.9084432953649497,0.9449996244644311,0.94566697415012
66,0.064,0.911055462760387,0.9109799861043208,0.9453600864505284,0.064,0.9307531076670442,0.9302160835958482,0.9388762908549914,4.800000000000001,0.8974167455459808,0.9467790040293405,0.906430895291222,4.800000000000001,0.9249349429225956,0.9423247967165609,0.9438423494596719,4.800000000000001,0.9054177067705398,0.9449122308166058,0.9456729363721541
67,0.068,0.9084158145921004,0.9084035123823888,0.9453463267046971,0.068,0.9296259208999685,0.9288382646523384,0.9383779305264001,5.099999999999998,0.8927439884267888,0.9468524735396138,0.9028474553530056,5.099999999999998,0.9229629706858948,0.9420567117853945,0.9437268143758427,5.099999999999998,0.9023270139680202,0.9448187304581767,0.9456789055733332
68,0.07200000000000001,0.9057219055325957,0.9057810058039216,0.9453325533330935,0.07200000000000001,0.9284757192995754,0.9274120950674762,0.9378702874615924,5.399999999999999,0.8878878385528308,0.9469257582777857,0.8991371158747931,5.399999999999999,0.9209133551948108,0.9417810401485616,0.9436104536937315,5.399999999999999,0.8991719252945936,0.9447191228927204,0.9456848817420657
69,0.07600000000000001,0.9029741944541055,0.903112944214141,0.945318766339566,0.07600000000000001,0.9273026081971788,0.9259377434721134,0.9373533740184358,5.699999999999999,0.8828508037330878,0.9469988582158693,0.8953012332669762,5.699999999999999,0.9187866162432742,0.9414977875221378,0.9434932677228934,5.699999999999999,0.8959531631115903,0.944613407730539,0.945690864866618
70,0.08000000000000002,0.9001731508008657,0.9003998114550984,0.9447466392967533,0.08000000000000002,0.9261066944834203,0.9241270705466872,0.9368272027768629,6.0,0.8776354849862006,0.9470717733260116,0.8913412072991425,6.0,0.9165832923818518,0.9412069597989441,0.9433752567753637,6.0,0.8926714635774052,0.9445015846889114,0.9456968549353191
71,0.08400000000000002,0.8973192544839873,0.8976420972322534,0.9440014112470192,0.08400000000000002,0.9248880865927097,0.9214406475550813,0.9362917865382435,6.300000000000001,0.8722445747518978,0.9471445035802888,0.8872584804105985,6.300000000000001,0.9143039407085666,0.9409085630483444,0.9432564211656191,6.300000000000001,0.8893275764094151,0.9443836535911002,0.9457028519364291
72,0.08800000000000002,0.8944129957703746,0.894840296987592,0.9432488096334904,0.08800000000000002,0.9236468944912096,0.9187004900768668,0.9357471383252116,6.599999999999998,0.8666808550327384,0.9472170489511451,0.8830545369993484,6.599999999999998,0.9119491366571815,0.940602603515746,0.9431367612104884,6.599999999999998,0.8859222646440418,0.9442596143670599,0.9457088558582039
73,0.09199999999999997,0.8914548751666047,0.8919949117622633,0.942488849908394,0.09199999999999997,0.9223832296576817,0.9159071533687879,0.9351932713809346,6.899999999999999,0.8609471954744724,0.9472894094108336,0.8787309026921106,6.899999999999999,0.9095194737729027,0.9402890876237985,0.9430162772292621,6.899999999999999,0.8824563043884968,0.9441294670543513,0.9457148666888592
74,0.09599999999999997,0.888445403305671,0.8891064480669659,0.9417215476643973,0.09599999999999997,0.9210972050742854,0.9130612011637047,0.9346301991690377,7.199999999999999,0.8550465513802843,0.9473615849316831,0.8742891435943669,7.199999999999999,0.9070155634872823,0.9399680219705995,0.9428949695436382,7.199999999999999,0.8789304845735553,0.9439932117965102,0.9457208844166168
75,0.09999999999999998,0.8853851008258057,0.8861754177463589,0.9409469186349938,0.09999999999999998,0.9197889352062842,0.9101632055012816,0.9340579353728781,7.5,0.8489819616690254,0.9474335754867433,0.8697308655230371,7.5,0.9044380348837662,0.9396394133314013,0.9427728384776763,7.5,0.8753456067030645,0.9438508488450493,0.9457269090296123
76,0.10399999999999998,0.8822744982451675,0.8832023378411418,0.9401649786934533,0.10399999999999998,0.9184585359898887,0.9072137465533019,0.9334764938952157,7.800000000000001,0.8427565467745003,0.9475053810483991,0.8650577132196422,7.800000000000001,0.9017875344524422,0.9393032686560198,0.9426498843578783,7.800000000000001,0.8717024845880335,0.9437023785570098,0.9457329405159947
77,0.10799999999999998,0.8791141358410826,0.8801877304592091,0.939375743852688,0.10799999999999998,0.9171061248180583,0.9042134124479977,0.9328858888578114,8.099999999999998,0.8363735064808868,0.9475770015896301,0.8602713695461128,8.099999999999998,0.8990647258464901,0.9389595950701481,0.9425261075130983,8.099999999999998,0.868001944094092,0.9435478013983134,0.9457389788638891
78,0.11199999999999999,0.8744551546997101,0.8771321226319165,0.9385792302646059,0.11199999999999999,0.9157318205220841,0.9011627990953125,0.9322861346009005,8.399999999999999,0.8298361177087931,0.9476484370830618,0.8553735546629836,8.399999999999999,0.8962702896295116,0.9386083998758703,0.9424015082746516,8.399999999999999,0.8642448228692045,0.9433871179400211,0.9457450240613794
79,0.11599999999999999,0.8690331979885172,0.874036046180854,0.9377754542197985,0.11599999999999999,0.9143357433583992,0.8980625100072763,0.9316772456827171,8.7,0.8231477322519644,0.9477196875021273,0.8503660251912084,8.7,0.8934049230112706,0.9382496905505661,0.9422760869762942,8.7,0.8604319700772572,0.9432203288619848,0.9457510760965632
80,0.12,0.8634651067571352,0.8709000375819167,0.936964432146918,0.12,0.9129180149944239,0.8949131561196294,0.9310592368790426,9.0,0.8163117744451892,0.947790752819949,0.84525057335626,9.0,0.8904693395854947,0.9378834747459778,0.9421498439540155,9.0,0.8565642461242351,0.9430474349507371,0.9457571349574098
81,0.124,0.8577538697454159,0.8677246378216594,0.9361461806123573,0.124,0.9114787584896559,0.8917153556096219,0.9304321231827688,9.3,0.8093317388030968,0.9478616330097525,0.8400290261181855,9.3,0.8874642690573421,0.9375097602892615,0.9420227795463436,9.3,0.8526425223835189,0.9428684370996423,0.9457632006319728
82,0.128,0.8519025553500446,0.86451039226408,0.9353207163198685,0.128,0.9100180982812885,0.8884697337143835,0.9297959198033825,9.599999999999998,0.8022111875927896,0.9479323280447371,0.8347032442842419,9.599999999999998,0.8843904569635564,0.9371285551825211,0.9418948940941939,9.599999999999998,0.8486676809110429,0.9426833363096666,0.9457692731082435
83,0.132,0.8459143092400087,0.8612578505077821,0.9344880561098332,0.132,0.9085361601709052,0.8851769225477224,0.9291506421664155,9.899999999999999,0.7949537483757946,0.9480028378988552,0.8292751216076614,9.899999999999999,0.8812486643953101,0.9367398676027895,0.9417661879407679,9.899999999999999,0.8446406141686106,0.9424921336897942,0.9457753523741854
84,0.136,0.8397923519036662,0.8579675662497152,0.9336482169590238,0.136,0.9070330713043563,0.8818375609140476,0.9284963059130001,10.2,0.7875631114904774,0.948073162544987,0.8237465838722301,10.2,0.8780396677027901,0.9363437059007412,0.9416366614317684,10.2,0.8405622247323955,0.9422948304552701,0.9457814384177033
85,0.14,0.833539976122794,0.8546400971407918,0.9328012159800346,0.14,0.9055089601602186,0.8784522941245066,0.9278329268994056,10.5,0.7800430275055644,0.9481433019571922,0.8181195879612401,10.5,0.8747642582033012,0.9359400786020461,0.9415063149152068,10.5,0.8364334250054537,0.9420914279294268,0.9457875312267231
86,0.14400000000000002,0.8271605443911214,0.851276004649997,0.9319470704208151,0.14400000000000002,0.9039639565296035,0.8750217738076158,0.9271605211964127,10.8,0.7723973046247369,0.9482132561092995,0.8123961209158673,10.8,0.8714232418896316,0.9355289944049229,0.9413751487415366,10.8,0.8322551369245292,0.9418819275433091,0.9457936307891518
87,0.14800000000000002,0.8206574862693962,0.8478758539219191,0.9310857976640515,0.14800000000000002,0.9023981915034074,0.8715466577221409,0.9264791050889565,11.099999999999998,0.7646298060550512,0.9482830249751762,0.8065781989775994,11.099999999999998,0.8680174391124654,0.9351104621831289,0.941243163263591,11.099999999999998,0.8280282916621488,0.9416663308351156,0.9457997370927718
88,0.15199999999999997,0.8140342956743093,0.8444402136352654,0.930217415227021,0.15199999999999997,0.9008117974533232,0.8680276095699452,0.9257886950753933,11.399999999999999,0.756744447348034,0.9483526085291079,0.8006678666203202,11.399999999999999,0.8645476842806461,0.9346844909832663,0.941110358836503,11.399999999999999,0.8237538293347734,0.9414446394500742,0.94580585012549
89,0.15599999999999997,0.807294528122887,0.8409696558618214,0.9293419407607112,0.15599999999999997,0.8992049080181823,0.8644652988015386,0.9250893078671173,11.7,0.7487451936870563,0.9484220067449859,0.794667195570179,11.7,0.8610148255494678,0.9342510900243839,0.9409767358179254,11.7,0.8194326986933161,0.941216855142456,0.945811969875027
90,0.15999999999999998,0.800441797918133,0.8374647559276163,0.9284593920497435,0.15999999999999998,0.89757765808501,0.8608604004306163,0.9243809603879019,12.0,0.7406360571696158,0.9484912195966816,0.788578283813327,12.0,0.8574197244925474,0.9338102687000062,0.940842294567801,12.0,0.8150658568272265,0.9409829797724776,0.94581809632924
91,0.16399999999999998,0.7934797752757397,0.8339260922684356,0.927569787011415,0.16399999999999998,0.8959301837746352,0.8572135948392506,0.9236636697736147,12.3,0.7324210940332695,0.948560247059218,0.7824032545949675,12.3,0.8537632557869494,0.9333620365750526,0.9407070354484315,12.3,0.8106542688522966,0.9407430153090691,0.9458242294758283
92,0.16799999999999998,0.7864121834153117,0.8303542462896645,0.9266731436954695,0.16799999999999998,0.8942626224258431,0.8535255675872124,0.9229374533712562,12.599999999999998,0.7241044018785819,0.9486290891067785,0.776144255406225,12.599999999999998,0.8500463068849408,0.932906403387777,0.9405709588244722,12.599999999999998,0.8061989076073236,0.9404969638281123,0.9458303693025268
93,0.172,0.7792427955989311,0.8267498022261384,0.925769480283673,0.172,0.8925751125740424,0.8497970092181554,0.9222023287387128,12.899999999999999,0.7156901168458344,0.9486977457137225,0.769803456961443,12.899999999999999,0.8462697776813605,0.9324433790486415,0.940434065063075,12.899999999999999,0.8017007533398034,0.9402448275145465,0.9458365157970123
94,0.176,0.7719754321271354,0.823113346997518,0.9248588150891579,0.176,0.8908677939399876,0.8460286150662237,0.9214583136441654,13.2,0.7071824107880944,0.9487662168549447,0.7633830521692232,13.2,0.8424345801773465,0.9319729736395554,0.9402963545336956,13.2,0.7971607933968133,0.9399866086582845,0.9458426689469788
95,0.18,0.7646139572956208,0.819445470070891,0.9239411665559463,0.18,0.8891408074101221,0.8422210850641433,0.9207054260652234,13.5,0.698585488408158,0.9488345025053655,0.7568852550920353,13.5,0.8385416381424932,0.9314951974155534,0.9401578276080822,13.5,0.79258002190722,0.9397223096597519,0.9458488287400807
96,0.184,0.7571622763177811,0.8157467633150889,0.9230165532583198,0.184,0.8864715511937767,0.8383751235448025,0.9199436841887563,13.799999999999997,0.689903584390952,0.948902602639678,0.7503122998984549,13.799999999999997,0.8345918867766091,0.9310100608015006,0.9400184846604219,13.799999999999997,0.7879594394673509,0.9394519330252747,0.9458549951638634
97,0.188,0.7496243322061965,0.8120178208615898,0.9220849939006143,0.188,0.8835672325830753,0.8344914390520904,0.9191731064100576,14.099999999999998,0.6811409605068797,0.9489705172328334,0.7436664398103605,14.099999999999998,0.8305862723540904,0.9305175743938674,0.9398783260672658,14.099999999999998,0.7833000528237849,0.9391754813696235,0.9458611682059875
98,0.192,0.7420041026336692,0.808259238965363,0.9211465073163168,0.192,0.8806159056529688,0.8305707441416494,0.9183937113323107,14.399999999999999,0.6723019027151902,0.9490382462596579,0.7369499460405882,14.399999999999999,0.8265257518824746,0.9300177489606709,0.9397373522075504,14.399999999999999,0.7786028745511916,0.9388929574152955,0.945867347853974
99,0.196,0.7343055967569712,0.8044716158597011,0.9202011124681335,0.196,0.8776180664053981,0.8266137551865593,0.9176055177658621,14.7,0.6633907182438178,0.9491057896963648,0.7301651067267352,14.7,0.8224112927466399,0.9295105954396224,0.9395955634624918,14.7,0.7738689227334645,0.9386043639918581,0.9458735340953527
100,0.2,0.7265328520198333,0.8006555516186601,0.9192488284463813,0.2,0.874574218138414,0.8226211921823926,0.9168085447279325,15.0,0.6544117326725606,0.9491731475172163,0.7233142258581602,15.0,0.8182438723539045,0.9289961249395514,0.9394529602157395,15.0,0.7690992206410593,0.9383097040372492,0.9458797269176678
